date,mango,apple,orange,tomato,potato,carrot
2022-08-19 10:10:56.335322,54.98,71.11,40.47,33.45,26.44,32.87
2022-08-20 10:10:56.335322,78.03,92.51,39.88,35.93,31.11,34.47
2022-08-21 10:10:56.335322,69.28,112.38,66.25,25.01,30.2,42.09
2022-08-22 10:10:56.335322,63.95,103.93,39.98,32.5,18.08,31.8
2022-08-23 10:10:56.335322,46.24,108.39,40.88,31.43,17.98,42.39
2022-08-24 10:10:56.335322,46.24,99.53,60.38,36.66,20.36,26.76
2022-08-25 10:10:56.335322,42.32,101.54,47.99,38.12,22.22,40.54
2022-08-26 10:10:56.335322,74.65,110.95,61.07,20.24,23.17,41.95
2022-08-27 10:10:56.335322,64.04,74.98,32.61,33.48,28.59,28.64
2022-08-28 10:10:56.335322,68.32,89.37,49.5,21.04,16.13,33.61
2022-08-29 10:10:56.335322,40.82,73.27,31.34,30.98,15.69,28.31
2022-08-30 10:10:56.335322,78.8,119.26,32.51,25.75,22.84,39.13
2022-08-31 10:10:56.335322,73.3,116.64,66.26,26.14,28.94,35.71
2022-09-01 10:10:56.335322,48.49,62.37,35.57,27.06,18.87,37.71
2022-09-02 10:10:56.335322,47.27,102.33,51.3,32.43,27.83,28.93
2022-09-03 10:10:56.335322,47.34,115.51,46.44,26.68,20.2,29.23
2022-09-04 10:10:56.335322,52.17,70.83,43.89,34.65,32.72,25.83
2022-09-05 10:10:56.335322,60.99,94.08,65.99,28.09,32.91,31.44
2022-09-06 10:10:56.335322,57.28,114.93,30.87,21.37,20.95,36.19
2022-09-07 10:10:56.335322,51.65,62.04,56.55,35.68,19.6,42.16
2022-09-08 10:10:56.335322,64.47,101.85,68.54,25.72,23.23,38.34
2022-09-09 10:10:56.335322,45.58,77.84,52.41,28.66,19.81,33.71
2022-09-10 10:10:56.335322,51.69,115.46,67.47,33.71,28.45,44.06
2022-09-11 10:10:56.335322,54.65,118.26,32.09,26.65,31.52,39.38
2022-09-12 10:10:56.335322,58.24,116.66,46.75,21.13,28.46,43.6
2022-09-13 10:10:56.335322,71.41,88.45,40.41,27.48,31.49,35.55
2022-09-14 10:10:56.335322,47.99,111.72,59.23,38.89,22.94,30.18
2022-09-15 10:10:56.335322,60.57,110.67,69.25,32.83,18.13,26.06
2022-09-16 10:10:56.335322,63.7,79.15,40.26,33.43,29.76,39.52
2022-09-17 10:10:56.335322,41.86,109.73,56.17,32.65,22.21,27.43
2022-09-18 10:10:56.335322,64.3,62.22,37.92,23.98,28.43,31.06
2022-09-19 10:10:56.335322,46.82,95.78,52.61,28.37,20.41,35.65
2022-09-20 10:10:56.335322,42.6,73.8,48.56,35.02,16.62,36.29
2022-09-21 10:10:56.335322,77.96,67.23,68.88,22.03,34.85,37.01
2022-09-22 10:10:56.335322,78.63,64.62,54.34,25.56,18.12,28.33
2022-09-23 10:10:56.335322,72.34,101.78,43.98,25.53,34.77,32.59
2022-09-24 10:10:56.335322,52.18,80.39,34.56,28.64,34.55,37.34
2022-09-25 10:10:56.335322,43.91,103.49,36.05,39.61,30.88,44.4
2022-09-26 10:10:56.335322,67.37,63.92,39.01,21.35,28.19,39.55
2022-09-27 10:10:56.335322,57.61,78.92,40.04,30.37,26.56,43.45
2022-09-28 10:10:56.335322,44.88,92.37,64.02,23.59,32.32,40.24
2022-09-29 10:10:56.335322,59.81,107.44,52.45,39.41,20.79,36.83
2022-09-30 10:10:56.335322,41.38,79.13,50.94,22.27,24.35,28.84
2022-10-01 10:10:56.335322,76.37,97.55,34.59,28.07,27.39,38.33
2022-10-02 10:10:56.335322,50.35,113.16,64.41,34.76,23.22,37.47
2022-10-03 10:10:56.335322,66.5,96.95,58.91,34.09,23.55,37.05
2022-10-04 10:10:56.335322,52.47,73.98,32.71,28.45,21.61,34.8
2022-10-05 10:10:56.335322,60.8,61.46,58.31,26.93,26.28,35.57
2022-10-06 10:10:56.335322,61.87,112.21,51.74,27.95,32.01,31.69
2022-10-07 10:10:56.335322,47.39,61.28,33.27,25.29,19.03,35.39
2022-10-08 10:10:56.335322,78.78,112.48,48.33,24.11,33.69,28.95
2022-10-09 10:10:56.335322,71.01,91.74,49.39,29.66,28.78,41.1
2022-10-10 10:10:56.335322,77.58,116.34,36.63,25.37,31.47,28.72
2022-10-11 10:10:56.335322,75.79,107.93,67.83,25.75,26.12,26.7
2022-10-12 10:10:56.335322,63.92,119.88,64.0,33.14,30.59,33.72
2022-10-13 10:10:56.335322,76.87,81.04,56.76,39.37,15.32,38.17
2022-10-14 10:10:56.335322,43.54,106.03,48.49,32.07,31.37,33.75
2022-10-15 10:10:56.335322,47.84,84.12,46.47,21.54,15.8,30.54
2022-10-16 10:10:56.335322,41.81,88.79,56.04,21.51,32.8,36.16
2022-10-17 10:10:56.335322,53.01,97.65,51.82,39.03,34.84,31.94
2022-10-18 10:10:56.335322,55.55,112.42,32.49,25.95,20.88,43.66
2022-10-19 10:10:56.335322,50.85,119.05,50.5,21.84,19.21,43.45
2022-10-20 10:10:56.335322,73.15,106.1,62.26,31.98,30.31,35.05
2022-10-21 10:10:56.335322,54.27,85.07,48.37,32.47,20.06,31.56
2022-10-22 10:10:56.335322,51.24,85.28,32.08,32.97,32.31,39.74
2022-10-23 10:10:56.335322,61.71,104.25,61.45,25.35,17.06,25.73
2022-10-24 10:10:56.335322,45.64,74.33,38.05,20.3,17.52,34.5
2022-10-25 10:10:56.335322,72.09,66.63,40.34,39.3,34.58,31.73
2022-10-26 10:10:56.335322,42.98,81.28,36.59,25.02,28.48,43.41
2022-10-27 10:10:56.335322,79.48,77.23,43.21,33.52,31.94,25.24
2022-10-28 10:10:56.335322,70.89,77.78,60.27,34.13,21.49,36.06
2022-10-29 10:10:56.335322,47.95,74.02,50.78,32.2,28.53,39.81
2022-10-30 10:10:56.335322,40.22,62.53,38.2,26.26,26.88,34.7
2022-10-31 10:10:56.335322,72.62,61.07,65.11,25.42,27.06,26.71
2022-11-01 10:10:56.335322,68.27,119.26,65.18,31.95,28.65,44.45
2022-11-02 10:10:56.335322,69.16,85.67,64.82,37.32,26.51,35.36
2022-11-03 10:10:56.335322,70.85,83.06,39.55,38.93,23.58,37.28
2022-11-04 10:10:56.335322,42.96,100.78,48.05,22.12,20.52,29.73
2022-11-05 10:10:56.335322,54.34,73.1,69.4,23.1,30.37,34.67
2022-11-06 10:10:56.335322,44.63,117.0,60.88,38.89,19.53,33.58
2022-11-07 10:10:56.335322,74.52,107.18,31.09,34.73,28.85,26.5
2022-11-08 10:10:56.335322,64.93,65.36,32.61,37.66,19.67,27.12
2022-11-09 10:10:56.335322,53.24,85.05,48.56,24.05,27.51,41.75
2022-11-10 10:10:56.335322,42.54,112.75,66.37,31.75,29.94,29.8
2022-11-11 10:10:56.335322,52.44,116.68,51.55,34.02,19.37,28.9
2022-11-12 10:10:56.335322,53.01,88.04,49.91,33.6,16.2,35.1
2022-11-13 10:10:56.335322,69.18,96.8,34.22,28.16,17.62,40.37
2022-11-14 10:10:56.335322,65.5,70.02,56.27,20.31,27.12,26.24
2022-11-15 10:10:56.335322,75.49,119.47,62.88,31.66,31.99,36.54
2022-11-16 10:10:56.335322,58.89,73.9,45.22,25.06,15.9,27.38
2022-11-17 10:10:56.335322,44.78,116.56,61.02,29.01,29.68,25.73
2022-11-18 10:10:56.335322,68.53,98.98,68.58,39.15,21.83,26.05
2022-11-19 10:10:56.335322,70.43,96.46,38.15,27.98,24.57,41.68
2022-11-20 10:10:56.335322,62.45,90.76,50.93,36.8,33.58,27.36
2022-11-21 10:10:56.335322,70.84,73.84,41.49,23.77,21.64,25.9
2022-11-22 10:10:56.335322,59.75,70.59,61.71,33.45,24.31,33.76
2022-11-23 10:10:56.335322,60.91,73.23,53.1,39.54,15.27,41.88
2022-11-24 10:10:56.335322,57.1,71.19,55.38,22.04,16.63,30.25
2022-11-25 10:10:56.335322,41.02,106.78,61.92,20.17,20.17,33.43
2022-11-26 10:10:56.335322,44.32,81.01,45.84,28.67,15.56,25.8
2022-11-27 10:10:56.335322,41.26,63.47,66.6,21.85,27.63,33.98
2022-11-28 10:10:56.335322,65.46,118.15,51.32,34.97,23.53,36.55
2022-11-29 10:10:56.335322,52.57,113.03,36.32,38.29,25.96,36.42
2022-11-30 10:10:56.335322,60.34,115.67,57.84,28.68,18.49,31.65
2022-12-01 10:10:56.335322,76.3,119.69,61.73,25.17,20.92,31.31
2022-12-02 10:10:56.335322,49.97,70.43,42.67,28.69,28.28,27.13
2022-12-03 10:10:56.335322,56.42,83.77,64.29,34.47,34.31,32.34
2022-12-04 10:10:56.335322,70.22,105.49,66.25,20.18,16.01,26.99
2022-12-05 10:10:56.335322,49.15,101.76,41.08,31.79,32.81,40.33
2022-12-06 10:10:56.335322,43.08,69.23,69.34,32.27,26.54,44.33
2022-12-07 10:10:56.335322,51.59,108.95,35.63,32.75,26.28,44.4
2022-12-08 10:10:56.335322,46.45,73.47,38.08,24.84,25.01,42.3
2022-12-09 10:10:56.335322,77.19,73.43,37.37,34.28,16.39,37.02
2022-12-10 10:10:56.335322,72.32,92.22,65.76,21.83,16.8,39.02
2022-12-11 10:10:56.335322,65.34,95.58,56.17,23.99,27.02,30.7
2022-12-12 10:10:56.335322,74.86,94.81,36.08,37.55,21.82,37.62
2022-12-13 10:10:56.335322,72.15,65.49,47.61,34.77,33.35,34.11
2022-12-14 10:10:56.335322,47.46,112.65,54.61,20.27,23.13,34.64
2022-12-15 10:10:56.335322,75.7,75.94,33.34,24.97,17.87,40.16
2022-12-16 10:10:56.335322,61.57,67.77,65.3,24.29,29.29,30.64
2022-12-17 10:10:56.335322,72.3,113.32,62.14,25.42,20.87,31.36
2022-12-18 10:10:56.335322,75.84,117.34,50.21,24.95,25.51,43.49
2022-12-19 10:10:56.335322,52.72,111.73,68.69,21.25,28.96,26.12
2022-12-20 10:10:56.335322,44.4,108.57,46.71,29.18,33.01,34.71
2022-12-21 10:10:56.335322,49.12,99.31,69.36,34.65,30.84,43.26
2022-12-22 10:10:56.335322,57.08,93.05,56.72,32.13,28.53,37.21
2022-12-23 10:10:56.335322,72.72,65.22,55.39,33.46,28.59,35.93
2022-12-24 10:10:56.335322,74.43,84.51,36.64,21.62,33.92,29.99
2022-12-25 10:10:56.335322,40.28,82.36,65.28,39.03,20.92,31.87
2022-12-26 10:10:56.335322,60.43,75.59,47.1,36.77,15.02,42.04
2022-12-27 10:10:56.335322,56.7,103.41,36.49,36.1,20.44,36.18
2022-12-28 10:10:56.335322,48.88,89.75,30.5,36.46,19.36,35.29
2022-12-29 10:10:56.335322,44.79,64.86,52.39,38.65,28.24,26.99
2022-12-30 10:10:56.335322,53.5,73.21,51.1,30.89,27.67,25.32
2022-12-31 10:10:56.335322,77.72,101.0,58.77,24.01,26.87,44.27
2023-01-01 10:10:56.335322,52.93,64.57,65.61,32.34,15.32,32.54
2023-01-02 10:10:56.335322,60.75,111.07,33.18,34.86,29.58,37.06
2023-01-03 10:10:56.335322,68.12,89.71,59.26,34.76,21.47,26.59
2023-01-04 10:10:56.335322,54.55,88.84,37.5,30.43,28.3,38.66
2023-01-05 10:10:56.335322,78.87,95.54,64.33,21.37,26.13,43.65
2023-01-06 10:10:56.335322,78.5,109.48,62.76,27.42,21.85,36.51
2023-01-07 10:10:56.335322,50.07,80.87,51.63,38.42,17.69,27.52
2023-01-08 10:10:56.335322,59.89,100.68,58.41,31.69,16.89,36.63
2023-01-09 10:10:56.335322,52.04,93.94,42.57,30.77,31.63,40.33
2023-01-10 10:10:56.335322,51.39,76.02,48.85,25.38,33.37,33.13
2023-01-11 10:10:56.335322,41.48,112.72,62.87,27.37,28.0,42.6
2023-01-12 10:10:56.335322,64.38,107.85,48.37,37.91,17.07,37.97
2023-01-13 10:10:56.335322,60.11,99.51,44.31,33.33,23.04,42.98
2023-01-14 10:10:56.335322,42.06,111.03,49.77,35.75,29.58,37.47
2023-01-15 10:10:56.335322,51.15,112.04,63.13,29.09,30.6,27.63
2023-01-16 10:10:56.335322,76.33,102.5,43.41,32.6,17.36,31.19
2023-01-17 10:10:56.335322,49.58,110.22,36.95,24.97,15.0,29.04
2023-01-18 10:10:56.335322,45.8,101.85,58.48,34.11,29.24,43.18
2023-01-19 10:10:56.335322,59.58,100.81,63.04,28.55,22.13,40.21
2023-01-20 10:10:56.335322,79.43,97.12,34.03,28.85,20.09,38.53
2023-01-21 10:10:56.335322,49.68,105.16,39.59,32.99,15.26,31.02
2023-01-22 10:10:56.335322,66.89,69.52,35.68,38.73,25.81,28.68
2023-01-23 10:10:56.335322,70.46,112.85,43.92,21.28,32.02,40.13
2023-01-24 10:10:56.335322,49.51,112.31,48.01,36.49,34.15,34.48
2023-01-25 10:10:56.335322,69.13,61.75,59.95,25.85,26.31,29.52
2023-01-26 10:10:56.335322,54.71,109.55,56.05,28.88,25.29,37.33
2023-01-27 10:10:56.335322,65.29,67.73,54.84,20.44,16.7,25.81
2023-01-28 10:10:56.335322,65.34,80.11,44.09,26.02,25.98,31.52
2023-01-29 10:10:56.335322,61.43,104.61,63.66,30.05,22.6,34.37
2023-01-30 10:10:56.335322,43.61,69.65,48.85,21.12,27.14,27.96
2023-01-31 10:10:56.335322,73.41,109.08,69.16,29.82,22.77,44.69
2023-02-01 10:10:56.335322,52.83,109.93,55.37,38.54,19.81,29.18
2023-02-02 10:10:56.335322,47.46,90.45,35.05,22.11,16.9,27.61
2023-02-03 10:10:56.335322,41.63,60.38,57.05,35.29,21.3,29.07
2023-02-04 10:10:56.335322,63.64,77.22,43.0,28.19,16.93,40.38
2023-02-05 10:10:56.335322,67.1,97.02,57.45,33.1,18.54,33.51
2023-02-06 10:10:56.335322,40.66,118.87,32.79,25.2,34.75,36.31
2023-02-07 10:10:56.335322,60.48,97.91,37.0,23.19,23.88,25.42
2023-02-08 10:10:56.335322,49.06,75.59,64.23,23.21,25.64,25.69
2023-02-09 10:10:56.335322,65.81,98.04,39.09,21.41,32.47,33.92
2023-02-10 10:10:56.335322,46.97,92.4,63.48,23.71,34.91,41.33
2023-02-11 10:10:56.335322,67.64,106.79,41.17,33.28,26.65,42.7
2023-02-12 10:10:56.335322,55.47,66.42,55.72,37.63,31.25,26.73
2023-02-13 10:10:56.335322,77.47,105.66,57.77,36.28,21.54,35.77
2023-02-14 10:10:56.335322,45.5,92.48,50.51,33.7,21.11,43.26
2023-02-15 10:10:56.335322,53.64,117.78,42.21,22.21,23.05,32.76
2023-02-16 10:10:56.335322,44.54,80.51,38.51,25.78,28.45,41.59
2023-02-17 10:10:56.335322,76.99,97.96,31.33,26.2,28.64,27.67
2023-02-18 10:10:56.335322,75.09,115.92,42.16,25.0,21.3,43.71
2023-02-19 10:10:56.335322,50.32,66.15,56.13,30.3,17.66,40.03
2023-02-20 10:10:56.335322,66.4,116.23,67.53,30.71,27.65,43.83
2023-02-21 10:10:56.335322,72.69,101.27,64.85,27.14,17.57,38.53
2023-02-22 10:10:56.335322,62.21,64.07,60.64,27.08,26.57,32.27
2023-02-23 10:10:56.335322,61.19,78.06,61.54,36.57,28.87,43.76
2023-02-24 10:10:56.335322,49.67,102.49,56.6,35.79,29.01,30.51
2023-02-25 10:10:56.335322,43.72,64.04,40.41,26.16,30.07,31.64
2023-02-26 10:10:56.335322,75.89,94.93,66.29,38.28,32.46,39.02
2023-02-27 10:10:56.335322,76.02,80.75,56.83,39.06,25.0,40.31
2023-02-28 10:10:56.335322,65.32,97.25,52.42,26.53,29.6,43.59
2023-03-01 10:10:56.335322,53.56,62.74,34.44,27.09,27.38,29.1
2023-03-02 10:10:56.335322,53.97,112.29,47.88,30.11,18.73,40.96
2023-03-03 10:10:56.335322,69.04,118.41,48.41,38.82,15.51,39.77
2023-03-04 10:10:56.335322,75.88,118.13,64.58,37.53,20.69,26.28
2023-03-05 10:10:56.335322,75.48,104.98,51.87,22.05,23.86,32.74
2023-03-06 10:10:56.335322,71.2,67.81,45.22,27.85,27.34,30.66
2023-03-07 10:10:56.335322,65.68,105.5,69.07,31.07,32.0,31.09
2023-03-08 10:10:56.335322,43.37,61.48,34.43,30.06,18.92,44.66
2023-03-09 10:10:56.335322,46.47,61.33,46.9,23.88,17.51,37.86
2023-03-10 10:10:56.335322,75.94,79.42,31.68,37.18,34.27,39.35
2023-03-11 10:10:56.335322,64.26,89.32,59.6,33.54,17.16,44.53
2023-03-12 10:10:56.335322,40.37,106.22,66.72,36.76,24.57,32.54
2023-03-13 10:10:56.335322,44.06,101.0,41.2,37.18,26.71,41.04
2023-03-14 10:10:56.335322,66.54,86.75,64.33,34.97,25.83,33.69
2023-03-15 10:10:56.335322,40.2,76.42,41.69,28.78,16.72,42.39
2023-03-16 10:10:56.335322,46.43,119.83,66.43,32.21,16.14,28.61
2023-03-17 10:10:56.335322,61.95,85.57,60.16,23.21,17.11,43.95
2023-03-18 10:10:56.335322,67.68,87.08,62.2,33.47,26.71,29.38
2023-03-19 10:10:56.335322,66.08,69.82,30.72,23.59,25.89,31.52
2023-03-20 10:10:56.335322,48.97,107.69,68.51,33.88,19.67,40.12
2023-03-21 10:10:56.335322,68.49,101.62,59.07,24.59,27.76,32.88
2023-03-22 10:10:56.335322,49.49,73.25,42.19,22.35,31.4,37.16
2023-03-23 10:10:56.335322,53.02,64.94,63.18,23.31,15.83,33.89
2023-03-24 10:10:56.335322,69.86,100.83,41.26,20.04,24.96,39.85
2023-03-25 10:10:56.335322,65.99,99.27,64.91,34.37,28.79,29.57
2023-03-26 10:10:56.335322,73.97,76.4,34.5,34.65,20.05,26.17
2023-03-27 10:10:56.335322,66.3,117.05,58.15,30.3,21.16,31.0
2023-03-28 10:10:56.335322,62.73,69.06,51.63,23.23,27.27,34.49
2023-03-29 10:10:56.335322,43.75,85.94,33.86,21.67,32.96,28.36
2023-03-30 10:10:56.335322,54.71,116.62,39.68,20.38,31.2,32.1
2023-03-31 10:10:56.335322,50.61,85.18,30.5,23.31,26.66,33.0
2023-04-01 10:10:56.335322,49.76,98.31,48.75,37.82,29.6,26.15
2023-04-02 10:10:56.335322,78.92,83.86,42.05,24.83,22.3,36.67
2023-04-03 10:10:56.335322,55.72,76.45,53.93,27.09,27.82,42.69
2023-04-04 10:10:56.335322,75.68,119.04,41.89,22.11,24.32,28.03
2023-04-05 10:10:56.335322,65.25,84.56,42.0,24.45,18.8,36.96
2023-04-06 10:10:56.335322,71.79,113.65,59.73,30.38,29.03,38.29
2023-04-07 10:10:56.335322,60.11,73.8,31.93,32.16,26.13,33.39
2023-04-08 10:10:56.335322,63.08,72.79,66.12,24.91,22.17,39.02
2023-04-09 10:10:56.335322,59.7,61.87,64.09,21.15,33.23,33.21
2023-04-10 10:10:56.335322,47.81,99.1,56.71,27.82,15.42,35.09
2023-04-11 10:10:56.335322,68.9,82.11,53.73,24.68,21.32,25.15
2023-04-12 10:10:56.335322,51.23,111.86,65.69,24.39,16.14,38.83
2023-04-13 10:10:56.335322,40.97,88.39,37.41,39.2,30.33,38.23
2023-04-14 10:10:56.335322,65.82,118.09,33.16,32.33,29.04,25.77
2023-04-15 10:10:56.335322,47.08,71.13,39.58,31.14,21.63,32.37
2023-04-16 10:10:56.335322,77.62,112.12,61.78,28.32,28.51,44.58
2023-04-17 10:10:56.335322,78.16,106.6,31.39,28.58,22.92,33.41
2023-04-18 10:10:56.335322,76.59,106.26,53.31,30.82,30.13,35.04
2023-04-19 10:10:56.335322,54.81,110.69,69.82,33.93,24.08,43.2
2023-04-20 10:10:56.335322,40.62,105.66,64.23,34.04,23.25,39.35
2023-04-21 10:10:56.335322,77.13,97.57,50.86,23.43,33.69,36.64
2023-04-22 10:10:56.335322,57.13,67.87,32.55,30.0,20.02,40.96
2023-04-23 10:10:56.335322,78.67,61.95,63.25,28.24,17.41,42.29
2023-04-24 10:10:56.335322,78.54,115.25,53.96,37.41,26.69,34.14
2023-04-25 10:10:56.335322,74.12,97.0,34.6,32.63,34.39,34.5
2023-04-26 10:10:56.335322,51.78,107.79,33.75,30.65,22.56,32.72
2023-04-27 10:10:56.335322,55.4,88.89,66.39,22.31,16.24,44.33
2023-04-28 10:10:56.335322,74.05,67.04,56.77,32.11,21.79,38.94
2023-04-29 10:10:56.335322,52.68,67.51,63.17,22.34,25.12,26.66
2023-04-30 10:10:56.335322,46.78,101.13,65.16,26.74,18.24,42.26
2023-05-01 10:10:56.335322,62.27,85.82,52.87,22.86,28.16,34.61
2023-05-02 10:10:56.335322,77.45,72.03,50.7,33.84,34.95,26.38
2023-05-03 10:10:56.335322,67.84,89.5,47.22,24.13,24.03,35.99
2023-05-04 10:10:56.335322,62.8,63.85,42.68,27.84,22.09,33.34
2023-05-05 10:10:56.335322,43.89,94.92,47.38,37.91,23.01,42.55
2023-05-06 10:10:56.335322,64.6,76.14,60.96,24.09,17.3,29.08
2023-05-07 10:10:56.335322,79.6,107.85,54.08,30.16,32.67,41.53
2023-05-08 10:10:56.335322,45.6,78.62,65.7,28.39,23.3,36.15
2023-05-09 10:10:56.335322,60.73,87.31,47.74,20.36,22.75,26.09
2023-05-10 10:10:56.335322,75.09,60.7,54.28,35.86,28.19,44.44
2023-05-11 10:10:56.335322,69.63,64.35,55.25,21.38,23.84,35.25
2023-05-12 10:10:56.335322,67.88,83.55,53.67,29.49,27.96,30.82
2023-05-13 10:10:56.335322,68.1,88.8,58.11,31.21,16.23,34.39
2023-05-14 10:10:56.335322,54.38,96.0,39.5,32.57,31.27,42.16
2023-05-15 10:10:56.335322,51.74,77.5,50.49,33.77,33.81,31.1
2023-05-16 10:10:56.335322,72.37,101.7,34.17,25.07,27.98,28.85
2023-05-17 10:10:56.335322,72.4,111.61,45.38,20.2,34.09,27.58
2023-05-18 10:10:56.335322,74.68,106.79,49.51,34.47,18.03,30.96
2023-05-19 10:10:56.335322,76.53,62.38,56.09,30.71,24.55,40.6
2023-05-20 10:10:56.335322,60.45,88.83,68.02,36.72,27.04,34.43
2023-05-21 10:10:56.335322,60.06,66.3,54.03,36.43,26.63,29.55
2023-05-22 10:10:56.335322,71.93,74.52,59.74,36.87,23.03,28.32
2023-05-23 10:10:56.335322,66.0,119.2,50.25,29.7,21.76,31.65
2023-05-24 10:10:56.335322,68.08,68.55,55.36,26.67,17.54,43.8
2023-05-25 10:10:56.335322,71.83,89.93,32.84,35.83,22.83,31.86
2023-05-26 10:10:56.335322,75.6,97.09,40.18,29.03,18.25,44.76
2023-05-27 10:10:56.335322,53.52,102.15,44.47,23.67,29.69,34.7
2023-05-28 10:10:56.335322,55.02,93.58,48.9,37.1,19.18,28.58
2023-05-29 10:10:56.335322,43.76,60.59,31.83,37.65,16.17,42.82
2023-05-30 10:10:56.335322,63.13,79.59,35.6,29.33,26.05,34.21
2023-05-31 10:10:56.335322,41.44,91.06,41.07,21.51,26.9,39.19
2023-06-01 10:10:56.335322,58.62,65.27,68.86,27.76,32.44,44.67
2023-06-02 10:10:56.335322,61.71,81.04,43.25,36.07,26.54,26.0
2023-06-03 10:10:56.335322,51.46,61.99,49.28,38.04,21.91,26.93
2023-06-04 10:10:56.335322,63.63,64.71,37.84,24.07,31.06,39.41
2023-06-05 10:10:56.335322,41.22,83.82,54.43,21.34,25.81,30.64
2023-06-06 10:10:56.335322,41.49,67.96,41.23,37.55,16.59,28.69
2023-06-07 10:10:56.335322,72.9,94.05,38.28,27.79,26.32,25.79
2023-06-08 10:10:56.335322,54.41,101.37,50.66,30.84,33.16,25.44
2023-06-09 10:10:56.335322,45.08,108.04,30.22,39.36,22.93,40.49
2023-06-10 10:10:56.335322,60.89,72.01,30.31,21.33,20.93,27.69
2023-06-11 10:10:56.335322,70.8,70.05,38.76,32.97,17.87,34.35
2023-06-12 10:10:56.335322,48.63,66.27,31.47,21.48,18.03,37.12
2023-06-13 10:10:56.335322,64.92,98.19,34.32,27.51,23.66,33.57
2023-06-14 10:10:56.335322,43.41,102.39,43.55,36.08,26.91,25.54
2023-06-15 10:10:56.335322,42.07,61.9,62.1,28.67,16.61,40.67
2023-06-16 10:10:56.335322,61.25,116.17,52.88,39.94,33.79,25.21
2023-06-17 10:10:56.335322,61.63,63.12,50.51,31.18,30.1,40.24
2023-06-18 10:10:56.335322,65.5,92.48,41.74,26.42,26.73,42.87
2023-06-19 10:10:56.335322,69.04,102.54,67.27,24.4,31.57,33.66
2023-06-20 10:10:56.335322,79.03,112.26,45.88,27.01,16.6,35.71
2023-06-21 10:10:56.335322,60.65,102.85,33.48,27.45,24.54,34.54
2023-06-22 10:10:56.335322,52.92,108.1,54.68,21.37,27.6,32.78
2023-06-23 10:10:56.335322,71.81,80.37,34.55,27.39,31.57,42.75
2023-06-24 10:10:56.335322,50.83,108.89,43.81,29.28,30.67,42.88
2023-06-25 10:10:56.335322,57.56,64.81,50.3,34.45,20.54,31.72
2023-06-26 10:10:56.335322,43.14,113.69,64.97,33.13,33.82,37.3
2023-06-27 10:10:56.335322,41.01,92.86,49.74,34.18,17.49,43.54
2023-06-28 10:10:56.335322,78.51,109.04,58.09,20.17,32.5,44.24
2023-06-29 10:10:56.335322,73.44,87.14,69.71,24.35,34.42,35.18
2023-06-30 10:10:56.335322,67.84,98.61,35.26,33.23,18.54,34.06
2023-07-01 10:10:56.335322,56.36,91.58,40.99,29.68,29.44,30.57
2023-07-02 10:10:56.335322,46.93,103.9,45.78,20.11,15.81,44.18
2023-07-03 10:10:56.335322,46.26,64.9,46.87,36.09,23.11,27.86
2023-07-04 10:10:56.335322,50.01,63.62,46.44,35.46,25.33,36.6
2023-07-05 10:10:56.335322,61.97,74.83,66.3,30.97,26.61,30.65
2023-07-06 10:10:56.335322,68.58,69.57,58.56,21.33,33.72,30.58
2023-07-07 10:10:56.335322,66.41,112.31,54.32,35.33,28.45,33.1
2023-07-08 10:10:56.335322,51.2,73.15,42.37,31.67,24.63,44.98
2023-07-09 10:10:56.335322,78.19,118.55,62.95,35.64,31.19,26.1
2023-07-10 10:10:56.335322,69.52,80.21,68.2,35.03,34.01,36.57
2023-07-11 10:10:56.335322,62.17,70.93,62.85,36.06,15.44,26.65
2023-07-12 10:10:56.335322,64.47,107.38,30.06,30.36,34.65,28.09
2023-07-13 10:10:56.335322,56.78,99.52,55.46,22.81,16.72,33.79
2023-07-14 10:10:56.335322,49.91,89.89,32.05,33.42,31.29,35.21
2023-07-15 10:10:56.335322,54.24,93.32,40.3,32.41,20.61,30.18
2023-07-16 10:10:56.335322,70.31,103.15,32.38,34.85,17.64,31.33
2023-07-17 10:10:56.335322,40.58,73.71,54.15,23.4,23.8,26.74
2023-07-18 10:10:56.335322,44.64,119.78,57.46,23.9,27.88,31.06
2023-07-19 10:10:56.335322,41.84,118.49,34.58,37.81,22.62,44.33
2023-07-20 10:10:56.335322,41.63,99.02,45.35,35.0,16.09,43.89
2023-07-21 10:10:56.335322,74.22,71.97,48.25,38.16,26.99,31.7
2023-07-22 10:10:56.335322,68.15,100.81,44.76,35.17,33.05,36.42
2023-07-23 10:10:56.335322,58.97,64.33,34.84,31.94,22.66,43.19
2023-07-24 10:10:56.335322,43.91,61.84,46.76,33.08,19.33,25.12
2023-07-25 10:10:56.335322,59.66,75.46,60.05,37.78,23.85,41.21
2023-07-26 10:10:56.335322,58.94,87.76,32.84,31.58,15.97,43.97
2023-07-27 10:10:56.335322,46.93,112.1,33.21,32.65,31.41,26.83
2023-07-28 10:10:56.335322,57.35,103.63,44.19,23.13,31.53,28.23
2023-07-29 10:10:56.335322,55.94,104.56,67.67,29.48,26.76,44.21
2023-07-30 10:10:56.335322,64.63,85.53,56.74,34.33,22.06,35.75
2023-07-31 10:10:56.335322,65.4,80.76,57.15,25.42,31.0,25.28
2023-08-01 10:10:56.335322,41.81,82.26,44.48,24.05,26.09,30.15
2023-08-02 10:10:56.335322,54.98,119.26,53.75,26.28,31.52,34.0
2023-08-03 10:10:56.335322,65.03,62.41,30.41,24.83,27.63,38.86
2023-08-04 10:10:56.335322,60.13,112.02,55.44,24.3,30.69,39.66
2023-08-05 10:10:56.335322,74.26,94.72,66.53,28.5,26.97,44.91
2023-08-06 10:10:56.335322,66.35,86.32,54.5,38.16,23.28,30.75
2023-08-07 10:10:56.335322,46.52,103.52,64.95,30.14,34.16,35.76
2023-08-08 10:10:56.335322,42.82,89.2,58.96,23.76,25.82,35.67
2023-08-09 10:10:56.335322,65.7,112.41,34.82,21.54,27.1,33.11
2023-08-10 10:10:56.335322,41.06,114.04,66.1,33.92,19.41,28.38
2023-08-11 10:10:56.335322,63.43,85.3,32.66,27.66,27.51,44.55
2023-08-12 10:10:56.335322,77.61,76.61,51.36,36.44,26.43,42.07
2023-08-13 10:10:56.335322,63.02,95.54,35.69,33.19,18.7,34.97
2023-08-14 10:10:56.335322,55.53,114.74,30.47,35.92,16.19,37.06
2023-08-15 10:10:56.335322,65.73,72.64,46.88,25.44,27.09,29.55
2023-08-16 10:10:56.335322,58.33,97.38,41.8,33.85,30.27,35.88
2023-08-17 10:10:56.335322,61.82,97.89,49.44,25.28,25.47,38.9
2023-08-18 10:10:56.335322,77.66,103.99,53.09,38.78,19.54,35.3
2023-08-19 10:10:56.335322,55.44,67.89,31.75,32.73,28.33,44.81
2023-08-20 10:10:56.335322,78.45,102.95,34.92,26.49,16.6,37.23
2023-08-21 10:10:56.335322,76.21,114.54,52.35,25.39,23.84,32.42
2023-08-22 10:10:56.335322,47.83,70.78,43.73,23.82,18.27,40.44
2023-08-23 10:10:56.335322,42.77,74.25,59.17,33.89,18.69,28.41
2023-08-24 10:10:56.335322,44.03,118.28,56.09,24.37,19.05,32.69
2023-08-25 10:10:56.335322,40.73,70.86,63.82,31.91,22.73,31.94
2023-08-26 10:10:56.335322,43.78,111.26,57.7,25.29,16.02,33.64
2023-08-27 10:10:56.335322,67.32,89.54,47.2,33.24,22.96,40.64
2023-08-28 10:10:56.335322,42.85,74.83,56.92,36.3,25.23,34.68
2023-08-29 10:10:56.335322,52.76,112.24,41.02,35.56,24.67,40.88
2023-08-30 10:10:56.335322,73.8,86.72,42.25,35.22,22.66,36.53
2023-08-31 10:10:56.335322,40.93,90.89,61.56,23.75,31.78,31.84
2023-09-01 10:10:56.335322,72.58,81.55,47.86,21.77,17.91,41.2
2023-09-02 10:10:56.335322,51.27,95.58,61.94,33.98,25.11,29.77
2023-09-03 10:10:56.335322,44.73,69.81,62.9,27.37,16.24,29.49
2023-09-04 10:10:56.335322,67.87,83.46,64.3,28.65,16.42,35.09
2023-09-05 10:10:56.335322,65.16,118.16,66.67,20.62,26.48,30.22
2023-09-06 10:10:56.335322,75.1,75.49,47.24,25.19,26.32,25.18
2023-09-07 10:10:56.335322,69.4,99.4,42.75,20.67,32.56,37.97
2023-09-08 10:10:56.335322,72.14,79.51,53.29,37.58,26.16,35.22
2023-09-09 10:10:56.335322,51.28,106.41,44.85,24.87,34.2,33.91
2023-09-10 10:10:56.335322,47.1,67.85,54.04,31.15,15.97,44.34
2023-09-11 10:10:56.335322,70.02,118.19,58.22,20.78,16.96,36.42
2023-09-12 10:10:56.335322,72.27,87.23,57.54,33.34,15.88,42.27
2023-09-13 10:10:56.335322,79.62,74.16,44.98,26.46,18.71,27.79
2023-09-14 10:10:56.335322,56.5,64.41,36.67,37.96,25.83,36.38
2023-09-15 10:10:56.335322,54.88,70.19,47.22,37.76,27.91,42.36
2023-09-16 10:10:56.335322,71.06,91.19,35.7,26.51,15.91,36.66
2023-09-17 10:10:56.335322,53.63,80.22,65.6,38.02,33.92,39.36
2023-09-18 10:10:56.335322,77.23,109.73,43.84,39.92,31.84,32.44
2023-09-19 10:10:56.335322,74.34,85.85,36.18,36.51,20.93,26.85
2023-09-20 10:10:56.335322,57.16,74.92,31.02,36.9,16.54,34.16
2023-09-21 10:10:56.335322,70.03,97.03,55.83,24.98,18.4,32.89
2023-09-22 10:10:56.335322,70.18,102.41,55.48,31.53,17.54,42.34
2023-09-23 10:10:56.335322,44.12,70.02,43.62,21.35,17.47,29.88
2023-09-24 10:10:56.335322,76.1,70.06,32.87,21.9,25.37,44.33
2023-09-25 10:10:56.335322,60.21,62.2,46.39,39.98,19.92,44.16
2023-09-26 10:10:56.335322,73.06,104.18,42.45,26.53,22.16,29.95
2023-09-27 10:10:56.335322,52.8,99.83,57.08,34.96,34.79,31.96
2023-09-28 10:10:56.335322,75.82,88.48,54.23,36.13,28.69,42.91
2023-09-29 10:10:56.335322,55.57,110.65,44.58,37.16,33.98,44.33
2023-09-30 10:10:56.335322,40.43,108.34,38.72,39.95,17.85,33.87
2023-10-01 10:10:56.335322,76.22,95.12,69.52,24.83,22.64,31.42
2023-10-02 10:10:56.335322,43.65,112.1,48.16,20.81,26.09,35.52
2023-10-03 10:10:56.335322,52.77,72.35,57.53,28.22,16.54,38.76
2023-10-04 10:10:56.335322,78.0,66.72,35.62,22.6,15.08,30.47
2023-10-05 10:10:56.335322,78.02,76.18,49.42,20.45,28.41,39.73
2023-10-06 10:10:56.335322,62.94,63.43,31.1,27.21,27.84,26.03
2023-10-07 10:10:56.335322,65.27,91.87,50.22,35.67,23.22,25.99
2023-10-08 10:10:56.335322,57.94,116.2,68.56,31.32,24.79,32.73
2023-10-09 10:10:56.335322,51.73,62.36,45.37,26.26,23.31,32.07
2023-10-10 10:10:56.335322,53.15,67.33,31.56,33.09,15.48,31.31
2023-10-11 10:10:56.335322,66.9,87.13,31.24,24.64,21.71,34.82
2023-10-12 10:10:56.335322,70.09,116.03,45.52,20.29,18.54,31.41
2023-10-13 10:10:56.335322,71.66,78.97,36.4,35.29,16.97,28.85
2023-10-14 10:10:56.335322,71.58,90.43,30.93,32.47,34.13,31.19
2023-10-15 10:10:56.335322,43.65,62.49,60.25,35.25,26.99,44.5
2023-10-16 10:10:56.335322,59.78,68.9,48.34,20.78,29.57,33.22
2023-10-17 10:10:56.335322,42.3,119.2,41.57,36.74,21.31,33.89
2023-10-18 10:10:56.335322,61.98,117.91,66.0,32.39,22.86,36.53
2023-10-19 10:10:56.335322,57.66,60.3,34.65,31.27,19.74,44.67
2023-10-20 10:10:56.335322,75.51,117.11,68.24,32.49,16.94,29.83
2023-10-21 10:10:56.335322,54.04,98.35,42.56,37.29,18.58,38.63
2023-10-22 10:10:56.335322,44.68,112.08,65.54,31.74,30.95,39.32
2023-10-23 10:10:56.335322,45.72,87.28,54.12,31.62,28.55,37.15
2023-10-24 10:10:56.335322,70.46,90.94,63.07,39.81,25.94,26.77
2023-10-25 10:10:56.335322,64.73,89.33,69.36,35.13,24.5,38.54
2023-10-26 10:10:56.335322,44.04,100.01,41.54,28.85,33.45,26.28
2023-10-27 10:10:56.335322,43.36,68.38,68.45,34.15,16.45,36.92
2023-10-28 10:10:56.335322,68.04,61.8,45.58,27.78,20.61,39.79
2023-10-29 10:10:56.335322,42.91,78.48,45.42,24.58,22.0,29.22
2023-10-30 10:10:56.335322,72.87,102.28,43.62,31.94,30.65,41.83
2023-10-31 10:10:56.335322,68.25,72.11,51.66,38.56,34.85,25.61
2023-11-01 10:10:56.335322,43.25,100.41,36.17,38.58,19.81,41.88
2023-11-02 10:10:56.335322,43.39,118.19,52.15,26.84,32.49,34.21
2023-11-03 10:10:56.335322,79.47,65.63,51.67,30.55,31.61,29.35
2023-11-04 10:10:56.335322,54.97,100.36,60.48,24.23,19.49,27.68
2023-11-05 10:10:56.335322,54.83,86.63,63.35,39.91,22.99,44.07
2023-11-06 10:10:56.335322,72.51,112.09,47.62,39.62,23.19,26.45
2023-11-07 10:10:56.335322,77.89,70.63,42.09,32.99,34.56,28.98
2023-11-08 10:10:56.335322,79.44,101.56,40.37,36.09,18.62,31.96
2023-11-09 10:10:56.335322,70.14,110.29,37.78,34.3,30.98,37.4
2023-11-10 10:10:56.335322,55.05,116.68,32.31,31.86,21.68,35.9
2023-11-11 10:10:56.335322,43.34,100.99,43.7,21.07,29.62,27.51
2023-11-12 10:10:56.335322,71.09,89.83,40.81,29.1,23.4,30.79
2023-11-13 10:10:56.335322,62.34,97.07,68.66,33.5,26.57,29.78
2023-11-14 10:10:56.335322,56.97,112.13,52.31,33.55,31.65,29.27
2023-11-15 10:10:56.335322,76.25,94.24,43.89,27.46,31.08,33.22
2023-11-16 10:10:56.335322,44.45,61.82,53.22,38.83,32.33,39.08
2023-11-17 10:10:56.335322,59.71,115.86,35.57,23.35,16.19,29.35
2023-11-18 10:10:56.335322,40.45,101.37,47.76,30.01,28.84,32.33
2023-11-19 10:10:56.335322,58.75,100.59,55.05,33.82,17.8,32.82
2023-11-20 10:10:56.335322,42.25,72.94,49.56,33.94,23.32,44.53
2023-11-21 10:10:56.335322,44.75,99.53,46.07,32.97,25.97,44.09
2023-11-22 10:10:56.335322,44.7,83.63,69.75,25.51,23.05,41.0
2023-11-23 10:10:56.335322,65.97,99.07,65.21,23.12,25.39,29.83
2023-11-24 10:10:56.335322,69.84,66.4,54.94,32.72,34.93,26.36
2023-11-25 10:10:56.335322,63.33,99.47,52.78,31.99,17.7,31.34
2023-11-26 10:10:56.335322,78.49,119.96,54.83,23.59,28.51,30.34
2023-11-27 10:10:56.335322,54.99,62.89,38.05,34.1,22.92,35.12
2023-11-28 10:10:56.335322,51.43,118.63,45.81,29.1,17.66,40.55
2023-11-29 10:10:56.335322,74.74,84.41,31.58,33.36,18.17,42.17
2023-11-30 10:10:56.335322,48.94,112.25,49.02,36.75,33.99,41.9
2023-12-01 10:10:56.335322,78.53,106.94,51.72,23.39,32.59,32.19
2023-12-02 10:10:56.335322,40.49,94.02,39.11,20.38,33.14,38.74
2023-12-03 10:10:56.335322,78.8,104.31,68.56,35.58,34.83,31.26
2023-12-04 10:10:56.335322,41.73,112.71,66.38,32.19,19.17,26.22
2023-12-05 10:10:56.335322,75.65,84.25,58.89,33.99,22.11,39.03
2023-12-06 10:10:56.335322,61.11,79.62,51.34,36.76,28.38,25.2
2023-12-07 10:10:56.335322,79.72,100.06,64.8,36.06,24.68,33.18
2023-12-08 10:10:56.335322,42.95,108.47,35.23,39.22,23.37,31.59
2023-12-09 10:10:56.335322,62.15,105.74,61.62,30.72,22.16,38.87
2023-12-10 10:10:56.335322,78.77,107.87,34.99,29.77,26.88,40.32
2023-12-11 10:10:56.335322,60.92,86.13,61.77,28.04,26.51,31.08
2023-12-12 10:10:56.335322,65.18,109.07,41.03,23.07,18.23,41.23
2023-12-13 10:10:56.335322,67.83,67.21,65.08,31.45,24.43,30.88
2023-12-14 10:10:56.335322,58.18,92.67,67.76,25.54,26.07,33.93
2023-12-15 10:10:56.335322,65.1,60.35,35.95,38.43,26.41,39.54
2023-12-16 10:10:56.335322,63.37,79.48,48.51,31.66,19.2,38.86
2023-12-17 10:10:56.335322,76.05,81.99,69.24,31.86,29.85,44.75
2023-12-18 10:10:56.335322,41.82,83.77,49.34,27.1,15.5,29.5
2023-12-19 10:10:56.335322,51.24,101.73,64.54,21.04,22.1,38.25
2023-12-20 10:10:56.335322,78.02,83.31,53.55,20.63,30.6,37.19
2023-12-21 10:10:56.335322,75.61,86.92,45.01,28.47,26.28,43.3
2023-12-22 10:10:56.335322,58.23,74.25,41.43,21.69,20.22,28.13
2023-12-23 10:10:56.335322,64.81,82.4,38.13,32.14,28.9,40.04
2023-12-24 10:10:56.335322,51.1,73.64,60.47,37.62,26.35,36.37
2023-12-25 10:10:56.335322,47.52,64.39,45.46,37.66,30.92,30.49
2023-12-26 10:10:56.335322,58.55,96.21,50.45,33.18,29.7,34.49
2023-12-27 10:10:56.335322,54.13,100.09,49.69,24.22,27.2,31.68
2023-12-28 10:10:56.335322,63.35,97.17,53.09,37.26,24.76,36.59
2023-12-29 10:10:56.335322,43.11,87.81,64.62,37.72,17.66,42.78
2023-12-30 10:10:56.335322,78.98,82.79,69.23,23.93,20.23,36.39
2023-12-31 10:10:56.335322,79.45,111.8,46.3,34.75,23.38,37.63
2024-01-01 10:10:56.335322,67.93,91.14,63.1,25.73,26.99,35.37
2024-01-02 10:10:56.335322,61.44,88.75,60.58,36.05,25.27,26.02
2024-01-03 10:10:56.335322,52.38,61.54,52.94,39.94,20.76,29.66
2024-01-04 10:10:56.335322,72.55,80.47,68.24,20.6,15.13,34.84
2024-01-05 10:10:56.335322,67.39,82.81,38.02,37.95,24.92,31.2
2024-01-06 10:10:56.335322,46.5,83.93,34.37,32.45,20.71,28.64
2024-01-07 10:10:56.335322,76.44,94.81,64.16,39.47,29.69,35.08
2024-01-08 10:10:56.335322,72.9,92.02,47.57,29.3,15.48,31.46
2024-01-09 10:10:56.335322,77.99,96.47,63.88,36.95,26.7,30.16
2024-01-10 10:10:56.335322,69.03,105.89,65.72,21.25,33.83,34.28
2024-01-11 10:10:56.335322,64.54,108.78,32.5,26.71,18.49,27.67
2024-01-12 10:10:56.335322,56.73,103.09,65.34,21.34,24.43,43.55
2024-01-13 10:10:56.335322,77.31,117.33,47.93,39.51,16.83,42.35
2024-01-14 10:10:56.335322,74.64,61.09,50.42,36.34,27.51,39.15
2024-01-15 10:10:56.335322,41.81,71.75,55.06,37.05,26.01,27.12
2024-01-16 10:10:56.335322,41.05,60.45,67.06,38.76,23.15,40.52
2024-01-17 10:10:56.335322,55.06,98.85,30.76,21.7,25.43,41.16
2024-01-18 10:10:56.335322,72.42,113.88,49.07,27.71,32.93,40.36
2024-01-19 10:10:56.335322,79.49,74.61,57.51,21.42,18.93,27.28
2024-01-20 10:10:56.335322,46.02,115.62,58.91,24.22,15.45,37.88
2024-01-21 10:10:56.335322,63.77,63.62,57.7,24.59,32.23,41.69
2024-01-22 10:10:56.335322,55.24,116.07,35.38,29.38,26.54,36.55
2024-01-23 10:10:56.335322,78.8,81.1,41.98,25.37,32.81,37.93
2024-01-24 10:10:56.335322,73.68,66.09,44.35,22.02,26.94,34.17
2024-01-25 10:10:56.335322,73.53,89.15,62.18,23.35,31.2,35.57
2024-01-26 10:10:56.335322,58.75,75.41,41.15,22.95,23.59,25.69
2024-01-27 10:10:56.335322,56.59,77.09,38.43,39.46,30.0,37.78
2024-01-28 10:10:56.335322,50.94,78.44,68.3,35.19,33.26,26.63
2024-01-29 10:10:56.335322,42.26,108.18,30.35,39.36,26.44,33.7
2024-01-30 10:10:56.335322,74.59,92.35,69.91,28.79,18.62,30.85
2024-01-31 10:10:56.335322,72.52,78.68,57.07,25.57,20.38,35.91
2024-02-01 10:10:56.335322,79.99,96.62,63.14,35.97,18.97,27.67
2024-02-02 10:10:56.335322,79.87,102.97,41.78,26.53,19.94,38.83
2024-02-03 10:10:56.335322,62.22,76.36,30.57,25.99,21.13,40.9
2024-02-04 10:10:56.335322,70.76,84.81,59.51,24.65,26.1,28.27
2024-02-05 10:10:56.335322,77.79,67.31,63.37,22.59,26.76,27.09
2024-02-06 10:10:56.335322,73.99,70.87,59.62,25.13,23.53,27.91
2024-02-07 10:10:56.335322,49.89,100.87,35.71,27.11,27.31,42.54
2024-02-08 10:10:56.335322,58.02,70.89,60.14,33.48,16.63,35.56
2024-02-09 10:10:56.335322,45.17,91.51,60.76,21.25,16.76,34.35
2024-02-10 10:10:56.335322,78.16,102.54,56.34,24.21,18.44,27.13
2024-02-11 10:10:56.335322,64.25,66.41,60.64,36.18,25.36,37.99
2024-02-12 10:10:56.335322,49.15,94.04,63.84,22.94,19.28,42.36
2024-02-13 10:10:56.335322,66.87,75.39,54.54,26.85,20.67,41.56
2024-02-14 10:10:56.335322,64.73,117.78,33.54,37.29,23.01,37.52
2024-02-15 10:10:56.335322,54.33,89.01,49.51,23.1,31.24,26.51
2024-02-16 10:10:56.335322,44.54,108.36,33.11,21.65,15.28,27.25
2024-02-17 10:10:56.335322,66.86,93.01,46.3,29.69,27.99,25.99
2024-02-18 10:10:56.335322,60.81,62.6,46.28,26.05,28.38,30.15
2024-02-19 10:10:56.335322,70.89,97.99,32.64,31.27,30.97,27.71
2024-02-20 10:10:56.335322,60.81,117.08,43.95,36.08,33.66,30.2
2024-02-21 10:10:56.335322,74.09,96.1,34.44,22.74,15.4,32.7
2024-02-22 10:10:56.335322,62.08,109.15,62.33,31.61,18.08,43.86
2024-02-23 10:10:56.335322,62.44,113.05,67.91,30.11,32.72,37.21
2024-02-24 10:10:56.335322,75.07,73.68,32.89,22.88,24.17,41.7
2024-02-25 10:10:56.335322,56.14,72.72,68.2,32.48,26.29,39.21
2024-02-26 10:10:56.335322,45.36,96.66,50.9,25.47,28.26,27.25
2024-02-27 10:10:56.335322,41.15,84.66,41.98,29.76,28.58,39.72
2024-02-28 10:10:56.335322,70.21,110.39,33.07,21.65,33.63,30.5
2024-02-29 10:10:56.335322,64.81,114.0,50.02,29.19,34.94,37.78
2024-03-01 10:10:56.335322,68.16,81.21,61.78,26.13,29.4,31.82
2024-03-02 10:10:56.335322,48.52,74.21,58.28,36.45,20.74,44.95
2024-03-03 10:10:56.335322,45.45,106.83,32.01,21.14,32.6,30.27
2024-03-04 10:10:56.335322,40.58,76.49,32.92,28.37,15.98,30.58
2024-03-05 10:10:56.335322,54.02,109.36,46.11,29.17,19.62,43.61
2024-03-06 10:10:56.335322,63.6,85.42,41.81,34.5,32.95,25.49
2024-03-07 10:10:56.335322,55.69,100.05,39.3,31.49,20.12,38.93
2024-03-08 10:10:56.335322,57.5,65.73,41.24,33.34,19.41,39.51
2024-03-09 10:10:56.335322,76.17,97.43,62.14,35.54,17.76,41.73
2024-03-10 10:10:56.335322,53.93,87.11,67.17,37.24,32.18,44.49
2024-03-11 10:10:56.335322,60.56,95.2,46.2,26.28,25.0,44.51
2024-03-12 10:10:56.335322,71.35,70.08,66.24,30.76,28.5,26.31
2024-03-13 10:10:56.335322,55.86,104.21,42.86,36.8,19.78,41.44
2024-03-14 10:10:56.335322,64.88,111.77,49.06,39.79,30.16,37.93
2024-03-15 10:10:56.335322,74.49,73.0,39.04,37.79,30.2,37.95
2024-03-16 10:10:56.335322,77.98,65.74,55.62,27.43,21.25,27.57
2024-03-17 10:10:56.335322,45.88,61.42,69.16,23.9,23.21,38.0
2024-03-18 10:10:56.335322,77.06,98.52,54.14,29.79,19.19,44.65
2024-03-19 10:10:56.335322,59.68,96.43,44.31,34.83,34.53,43.24
2024-03-20 10:10:56.335322,50.33,92.8,55.91,29.85,27.91,33.78
2024-03-21 10:10:56.335322,58.37,73.92,34.92,29.66,33.69,25.8
2024-03-22 10:10:56.335322,79.2,83.45,65.55,36.76,21.07,32.25
2024-03-23 10:10:56.335322,59.7,95.67,50.12,27.23,30.64,41.53
2024-03-24 10:10:56.335322,53.15,89.81,47.97,37.2,30.32,39.03
2024-03-25 10:10:56.335322,65.34,119.27,53.43,28.14,28.83,34.19
2024-03-26 10:10:56.335322,49.61,68.19,54.99,26.56,34.31,26.1
2024-03-27 10:10:56.335322,43.03,101.71,32.87,29.08,22.87,33.54
2024-03-28 10:10:56.335322,45.16,84.26,57.3,35.25,17.61,34.38
2024-03-29 10:10:56.335322,45.12,85.69,39.68,22.52,28.43,43.57
2024-03-30 10:10:56.335322,46.08,103.06,58.56,23.93,29.59,37.82
2024-03-31 10:10:56.335322,45.55,101.55,62.9,39.03,26.5,31.23
2024-04-01 10:10:56.335322,65.63,119.48,62.16,23.51,19.14,35.51
2024-04-02 10:10:56.335322,47.28,67.7,52.1,31.35,25.09,26.32
2024-04-03 10:10:56.335322,53.83,66.25,50.81,31.59,21.24,44.45
2024-04-04 10:10:56.335322,75.87,103.46,35.72,29.79,23.55,32.2
2024-04-05 10:10:56.335322,58.96,94.7,61.01,32.89,27.9,34.56
2024-04-06 10:10:56.335322,66.7,76.45,40.86,24.6,29.9,32.11
2024-04-07 10:10:56.335322,46.89,64.77,49.87,31.05,19.64,38.65
2024-04-08 10:10:56.335322,47.69,65.14,41.37,27.44,23.11,38.24
2024-04-09 10:10:56.335322,41.63,113.65,35.35,33.23,20.38,39.31
2024-04-10 10:10:56.335322,46.76,71.51,55.18,22.82,18.97,30.36
2024-04-11 10:10:56.335322,51.14,79.4,32.17,31.42,30.67,31.31
2024-04-12 10:10:56.335322,47.08,73.6,59.95,23.71,33.19,27.51
2024-04-13 10:10:56.335322,43.55,81.3,42.7,25.57,22.4,38.11
2024-04-14 10:10:56.335322,44.83,64.17,30.01,24.37,30.03,25.8
2024-04-15 10:10:56.335322,58.43,91.14,50.45,23.66,32.94,36.95
2024-04-16 10:10:56.335322,48.25,64.06,31.87,36.51,31.92,42.39
2024-04-17 10:10:56.335322,54.57,108.02,41.05,25.71,18.66,42.82
2024-04-18 10:10:56.335322,60.14,74.02,58.28,38.54,34.13,33.98
2024-04-19 10:10:56.335322,67.62,92.4,32.51,39.4,22.53,34.19
2024-04-20 10:10:56.335322,41.57,112.8,63.57,31.43,21.78,26.54
2024-04-21 10:10:56.335322,71.98,99.05,30.15,22.86,16.25,38.42
2024-04-22 10:10:56.335322,65.12,91.98,39.87,27.49,24.72,41.43
2024-04-23 10:10:56.335322,43.27,79.46,59.64,35.95,17.18,29.89
2024-04-24 10:10:56.335322,74.94,79.98,42.65,27.35,19.97,33.43
2024-04-25 10:10:56.335322,76.83,100.17,34.08,21.74,21.34,41.78
2024-04-26 10:10:56.335322,42.44,119.65,44.41,31.14,31.18,42.54
2024-04-27 10:10:56.335322,51.08,99.71,40.82,36.9,32.51,29.86
2024-04-28 10:10:56.335322,72.25,93.47,63.71,35.92,21.05,36.01
2024-04-29 10:10:56.335322,69.93,103.84,42.53,23.5,32.17,28.85
2024-04-30 10:10:56.335322,47.38,87.91,61.56,33.46,32.14,27.04
2024-05-01 10:10:56.335322,48.37,63.61,65.67,24.41,30.29,43.22
2024-05-02 10:10:56.335322,54.82,93.74,47.35,24.36,17.93,41.41
2024-05-03 10:10:56.335322,59.38,117.46,66.4,37.48,28.81,40.2
2024-05-04 10:10:56.335322,64.73,70.52,45.09,24.99,33.9,25.98
2024-05-05 10:10:56.335322,54.76,101.4,68.56,25.26,28.65,41.87
2024-05-06 10:10:56.335322,58.5,72.06,33.57,20.01,21.63,33.76
2024-05-07 10:10:56.335322,69.9,92.15,57.48,37.41,25.01,31.85
2024-05-08 10:10:56.335322,41.47,65.8,49.75,35.85,27.91,35.93
2024-05-09 10:10:56.335322,50.1,87.02,45.51,32.55,25.21,26.83
2024-05-10 10:10:56.335322,68.53,105.37,55.31,35.01,17.4,40.13
2024-05-11 10:10:56.335322,75.81,80.85,58.15,23.04,21.24,36.65
2024-05-12 10:10:56.335322,60.47,99.89,30.17,29.17,31.05,28.73
2024-05-13 10:10:56.335322,61.28,107.73,36.68,27.02,32.23,28.76
2024-05-14 10:10:56.335322,44.29,115.63,58.52,21.88,17.75,28.68
2024-05-15 10:10:56.335322,57.9,74.08,56.66,29.72,34.05,26.14
2024-05-16 10:10:56.335322,61.3,83.96,68.64,38.41,21.58,36.76
2024-05-17 10:10:56.335322,49.7,69.14,60.44,20.8,28.25,41.81
2024-05-18 10:10:56.335322,50.77,119.55,68.03,25.83,30.04,25.35
2024-05-19 10:10:56.335322,55.09,115.62,58.1,24.15,31.24,25.98
2024-05-20 10:10:56.335322,40.8,92.4,41.92,24.76,33.91,36.46
2024-05-21 10:10:56.335322,52.88,110.52,34.21,38.17,21.26,41.39
2024-05-22 10:10:56.335322,48.46,91.26,61.27,29.36,32.17,31.53
2024-05-23 10:10:56.335322,53.1,97.42,55.77,29.33,17.63,31.99
2024-05-24 10:10:56.335322,44.79,65.35,31.93,35.21,29.1,36.93
2024-05-25 10:10:56.335322,75.62,105.32,44.4,23.09,29.84,30.48
2024-05-26 10:10:56.335322,63.74,67.66,68.27,29.75,28.55,25.53
2024-05-27 10:10:56.335322,67.16,109.56,50.02,28.6,20.05,39.7
2024-05-28 10:10:56.335322,71.57,106.92,47.31,31.94,32.46,37.51
2024-05-29 10:10:56.335322,59.94,102.52,48.31,39.99,18.38,36.62
2024-05-30 10:10:56.335322,43.48,62.17,38.36,35.39,16.07,39.83
2024-05-31 10:10:56.335322,61.48,78.19,44.75,27.96,29.35,38.5
2024-06-01 10:10:56.335322,63.47,75.79,44.79,36.55,24.51,29.12
2024-06-02 10:10:56.335322,69.82,81.61,32.09,23.41,31.98,32.05
2024-06-03 10:10:56.335322,57.27,65.26,60.7,20.61,22.67,27.52
2024-06-04 10:10:56.335322,45.1,116.22,46.66,24.09,18.37,27.6
2024-06-05 10:10:56.335322,51.35,93.23,62.89,26.81,31.73,38.52
2024-06-06 10:10:56.335322,54.52,78.33,64.01,30.21,25.98,42.17
2024-06-07 10:10:56.335322,65.84,83.82,38.48,32.3,18.78,44.25
2024-06-08 10:10:56.335322,62.83,86.83,56.29,38.21,29.41,37.57
2024-06-09 10:10:56.335322,54.24,96.04,48.89,30.2,25.22,28.68
2024-06-10 10:10:56.335322,79.46,90.94,65.21,30.03,27.09,27.11
2024-06-11 10:10:56.335322,64.23,115.16,38.63,21.0,24.22,41.26
2024-06-12 10:10:56.335322,49.49,89.82,57.11,20.7,31.57,36.58
2024-06-13 10:10:56.335322,44.07,119.53,54.31,31.02,31.59,37.37
2024-06-14 10:10:56.335322,46.11,111.09,41.81,28.76,29.19,40.63
2024-06-15 10:10:56.335322,49.84,72.51,35.46,36.78,17.11,39.07
2024-06-16 10:10:56.335322,46.43,115.84,56.07,23.21,31.78,41.69
2024-06-17 10:10:56.335322,47.46,66.98,59.54,20.5,28.42,26.12
2024-06-18 10:10:56.335322,51.4,109.05,42.63,28.98,28.94,39.95
2024-06-19 10:10:56.335322,46.93,82.84,55.79,24.75,22.26,42.02
2024-06-20 10:10:56.335322,75.87,112.68,45.81,20.99,32.59,30.72
2024-06-21 10:10:56.335322,43.21,112.08,58.53,34.49,29.51,37.81
2024-06-22 10:10:56.335322,60.98,108.36,37.97,22.23,17.25,31.28
2024-06-23 10:10:56.335322,56.42,107.4,65.61,32.17,23.16,44.16
2024-06-24 10:10:56.335322,79.3,78.28,41.5,25.62,32.73,25.67
2024-06-25 10:10:56.335322,44.48,64.86,44.71,23.47,15.94,36.6
2024-06-26 10:10:56.335322,55.91,84.18,32.32,27.6,34.23,28.33
2024-06-27 10:10:56.335322,78.78,70.41,34.46,36.03,28.58,39.24
2024-06-28 10:10:56.335322,74.62,101.7,50.63,27.84,27.63,28.52
2024-06-29 10:10:56.335322,72.68,80.77,40.7,35.02,20.41,29.71
2024-06-30 10:10:56.335322,50.32,118.54,63.42,22.51,19.98,34.89
2024-07-01 10:10:56.335322,46.84,98.46,30.59,35.46,33.84,43.3
2024-07-02 10:10:56.335322,66.75,109.35,45.16,24.74,20.97,29.23
2024-07-03 10:10:56.335322,77.18,67.95,43.49,33.55,30.51,27.88
2024-07-04 10:10:56.335322,62.27,111.72,30.77,31.32,22.86,40.18
2024-07-05 10:10:56.335322,62.86,115.37,34.97,38.58,17.79,35.01
2024-07-06 10:10:56.335322,51.2,89.22,46.55,27.75,15.21,43.24
2024-07-07 10:10:56.335322,70.78,96.38,49.71,21.32,25.89,27.93
2024-07-08 10:10:56.335322,47.48,105.89,46.17,20.38,34.52,37.92
2024-07-09 10:10:56.335322,52.95,70.49,51.24,36.54,22.38,29.66
2024-07-10 10:10:56.335322,57.02,90.15,53.81,30.49,22.14,28.14
2024-07-11 10:10:56.335322,60.3,83.92,30.4,35.5,21.88,38.67
2024-07-12 10:10:56.335322,49.7,68.78,48.56,24.69,25.41,36.87
2024-07-13 10:10:56.335322,44.59,82.05,68.54,26.9,23.81,40.1
2024-07-14 10:10:56.335322,64.42,64.09,50.76,20.6,32.6,31.19
2024-07-15 10:10:56.335322,51.55,61.55,57.1,39.23,25.11,33.96
2024-07-16 10:10:56.335322,63.25,68.11,42.47,33.36,25.16,33.11
2024-07-17 10:10:56.335322,46.17,117.79,60.96,38.66,17.77,44.68
2024-07-18 10:10:56.335322,59.25,92.97,60.92,25.31,34.65,30.84
2024-07-19 10:10:56.335322,61.3,117.95,50.85,32.23,20.0,30.9
2024-07-20 10:10:56.335322,42.07,85.95,69.04,33.57,16.47,32.09
2024-07-21 10:10:56.335322,53.46,78.71,35.02,26.35,28.26,36.29
2024-07-22 10:10:56.335322,45.38,90.37,30.68,36.96,26.91,30.05
2024-07-23 10:10:56.335322,42.53,86.37,60.81,38.94,23.3,43.31
2024-07-24 10:10:56.335322,79.6,66.34,62.29,37.7,23.44,30.31
2024-07-25 10:10:56.335322,52.89,98.45,34.81,34.78,30.7,42.92
2024-07-26 10:10:56.335322,72.39,72.96,40.62,25.55,18.91,27.07
2024-07-27 10:10:56.335322,50.19,97.18,30.7,25.63,31.41,38.13
2024-07-28 10:10:56.335322,67.26,99.01,41.73,39.27,27.97,43.14
2024-07-29 10:10:56.335322,70.41,69.12,60.93,20.21,23.38,28.37
2024-07-30 10:10:56.335322,63.83,63.68,50.72,34.32,24.16,44.37
2024-07-31 10:10:56.335322,58.86,106.85,43.92,34.12,20.13,34.06
2024-08-01 10:10:56.335322,56.47,87.59,44.87,32.45,30.04,43.91
2024-08-02 10:10:56.335322,53.95,63.49,30.05,39.8,25.26,38.54
2024-08-03 10:10:56.335322,77.18,119.69,41.99,26.24,21.42,31.03
2024-08-04 10:10:56.335322,73.22,63.47,55.86,26.8,26.92,28.77
2024-08-05 10:10:56.335322,78.6,101.7,68.97,21.58,34.91,31.07
2024-08-06 10:10:56.335322,44.97,119.02,63.88,28.86,23.71,26.86
2024-08-07 10:10:56.335322,69.23,74.35,30.94,25.22,33.41,27.88
2024-08-08 10:10:56.335322,77.53,68.53,65.94,26.87,21.9,27.09
2024-08-09 10:10:56.335322,47.25,67.28,61.33,36.69,16.09,33.46
2024-08-10 10:10:56.335322,42.66,78.2,61.22,38.71,19.08,40.91
2024-08-11 10:10:56.335322,69.64,66.06,48.32,23.71,23.37,27.83
2024-08-12 10:10:56.335322,62.98,101.53,45.92,27.45,19.39,27.61
2024-08-13 10:10:56.335322,73.67,63.74,42.12,38.57,15.0,37.87
2024-08-14 10:10:56.335322,45.59,90.57,32.63,21.24,33.3,28.94
2024-08-15 10:10:56.335322,71.81,119.8,39.13,21.85,31.88,26.95
2024-08-16 10:10:56.335322,48.07,108.84,39.86,23.26,29.85,28.34
2024-08-17 10:10:56.335322,46.55,96.91,49.36,31.9,18.36,43.47
2024-08-18 10:10:56.335322,46.57,78.38,59.9,23.01,17.41,41.43
2024-08-19 10:10:56.335322,72.58,97.43,48.95,39.36,16.35,32.08
2024-08-20 10:10:56.335322,66.61,91.62,32.31,28.93,29.48,38.12
2024-08-21 10:10:56.335322,60.92,85.57,68.31,30.03,33.58,35.75
2024-08-22 10:10:56.335322,54.35,67.84,67.71,24.93,23.61,38.54
2024-08-23 10:10:56.335322,75.09,113.2,61.41,29.42,17.38,38.65
2024-08-24 10:10:56.335322,55.7,86.99,69.65,33.24,25.25,37.57
2024-08-25 10:10:56.335322,72.66,71.68,51.78,35.02,21.98,30.32
2024-08-26 10:10:56.335322,57.57,82.07,68.51,35.08,22.5,25.78
2024-08-27 10:10:56.335322,55.08,84.85,33.02,31.56,27.43,34.11
2024-08-28 10:10:56.335322,58.51,109.65,44.63,38.09,29.37,42.82
2024-08-29 10:10:56.335322,52.06,104.02,39.02,36.35,17.21,36.39
2024-08-30 10:10:56.335322,69.9,106.16,37.83,35.14,15.71,41.65
2024-08-31 10:10:56.335322,60.11,60.66,35.63,21.11,34.89,44.83
2024-09-01 10:10:56.335322,49.29,84.97,54.9,20.14,19.65,28.27
2024-09-02 10:10:56.335322,75.98,88.88,61.25,24.25,16.08,38.84
2024-09-03 10:10:56.335322,55.36,61.15,53.13,33.27,18.8,38.49
2024-09-04 10:10:56.335322,61.74,75.59,35.88,28.22,15.78,44.6
2024-09-05 10:10:56.335322,76.26,105.62,62.44,28.05,22.84,44.71
2024-09-06 10:10:56.335322,64.97,68.23,55.44,37.69,31.05,38.73
2024-09-07 10:10:56.335322,44.68,92.12,45.53,37.91,21.82,29.87
2024-09-08 10:10:56.335322,77.59,72.91,56.97,38.18,23.88,40.97
2024-09-09 10:10:56.335322,65.11,60.73,40.4,26.28,28.51,27.14
2024-09-10 10:10:56.335322,53.4,74.47,43.81,33.82,25.18,40.61
2024-09-11 10:10:56.335322,45.57,118.55,66.7,25.43,32.23,43.2
2024-09-12 10:10:56.335322,71.76,108.09,41.62,23.81,32.32,32.66
2024-09-13 10:10:56.335322,64.8,117.57,48.8,23.69,15.2,37.61
2024-09-14 10:10:56.335322,61.34,89.27,65.61,26.84,30.56,33.6
2024-09-15 10:10:56.335322,75.76,66.58,58.31,28.6,24.21,33.76
2024-09-16 10:10:56.335322,71.54,92.88,32.49,36.62,34.78,31.21
2024-09-17 10:10:56.335322,46.07,87.26,35.89,22.4,24.66,40.24
2024-09-18 10:10:56.335322,52.47,110.66,30.31,34.7,34.74,43.72
2024-09-19 10:10:56.335322,49.94,65.88,55.24,30.63,30.09,43.82
2024-09-20 10:10:56.335322,69.76,89.29,47.91,25.76,19.97,28.5
2024-09-21 10:10:56.335322,41.34,69.0,35.37,29.86,25.77,42.49
2024-09-22 10:10:56.335322,62.8,79.48,68.32,26.0,34.84,39.75
2024-09-23 10:10:56.335322,70.5,104.24,51.19,31.92,32.15,30.06
2024-09-24 10:10:56.335322,75.07,88.56,39.68,28.68,16.95,26.35
2024-09-25 10:10:56.335322,53.68,82.55,50.02,23.29,29.13,30.36
2024-09-26 10:10:56.335322,72.85,83.67,57.18,22.33,21.91,43.24
2024-09-27 10:10:56.335322,44.43,87.57,33.05,30.93,15.14,37.66
2024-09-28 10:10:56.335322,73.86,107.1,40.99,38.05,23.07,39.42
2024-09-29 10:10:56.335322,45.1,113.53,62.28,26.88,19.7,30.14
2024-09-30 10:10:56.335322,55.89,117.32,48.39,34.66,31.38,39.39
2024-10-01 10:10:56.335322,71.89,107.21,51.86,33.17,21.75,25.56
2024-10-02 10:10:56.335322,46.0,78.92,47.31,38.63,31.55,32.51
2024-10-03 10:10:56.335322,49.17,101.29,31.76,36.42,15.01,37.54
2024-10-04 10:10:56.335322,68.89,86.26,36.63,31.33,21.16,27.92
2024-10-05 10:10:56.335322,68.8,75.28,47.82,33.14,19.82,41.46
2024-10-06 10:10:56.335322,65.65,110.45,38.37,37.97,19.67,29.7
2024-10-07 10:10:56.335322,67.76,62.31,32.0,27.99,16.36,38.05
2024-10-08 10:10:56.335322,61.71,114.11,63.75,26.54,18.74,33.1
2024-10-09 10:10:56.335322,50.07,87.69,69.25,20.22,26.11,36.92
2024-10-10 10:10:56.335322,53.83,98.23,61.73,36.53,20.83,27.15
2024-10-11 10:10:56.335322,47.26,99.56,64.15,36.02,23.35,25.34
2024-10-12 10:10:56.335322,76.34,113.71,39.68,22.09,22.54,43.19
2024-10-13 10:10:56.335322,63.34,98.2,68.43,31.54,32.52,30.39
2024-10-14 10:10:56.335322,56.03,96.84,37.88,29.28,33.11,41.39
2024-10-15 10:10:56.335322,58.48,64.0,68.06,22.37,24.86,44.99
2024-10-16 10:10:56.335322,77.89,91.1,69.79,39.61,21.6,29.23
2024-10-17 10:10:56.335322,46.13,69.01,58.47,24.29,17.14,30.3
2024-10-18 10:10:56.335322,63.45,104.25,69.25,21.34,34.07,38.26
2024-10-19 10:10:56.335322,60.24,90.73,52.78,31.9,16.2,44.31
2024-10-20 10:10:56.335322,64.46,100.81,40.38,34.78,20.95,43.32
2024-10-21 10:10:56.335322,40.72,62.5,47.48,20.65,20.96,35.06
2024-10-22 10:10:56.335322,74.88,65.09,53.74,33.17,21.41,40.9
2024-10-23 10:10:56.335322,77.28,102.98,32.92,30.65,18.29,27.71
2024-10-24 10:10:56.335322,62.61,64.33,54.89,22.07,30.66,44.55
2024-10-25 10:10:56.335322,67.87,64.28,69.25,23.45,17.45,44.29
2024-10-26 10:10:56.335322,76.9,60.73,37.6,31.36,27.7,28.27
2024-10-27 10:10:56.335322,68.29,117.39,61.7,25.93,17.48,30.99
2024-10-28 10:10:56.335322,46.1,104.25,66.32,38.77,16.41,27.0
2024-10-29 10:10:56.335322,63.05,81.2,67.75,36.37,33.19,30.43
2024-10-30 10:10:56.335322,64.27,77.79,68.41,39.67,18.8,41.32
2024-10-31 10:10:56.335322,56.97,80.98,50.86,25.19,31.43,32.57
2024-11-01 10:10:56.335322,69.46,106.48,69.09,39.39,25.89,26.77
2024-11-02 10:10:56.335322,77.37,99.68,60.29,28.62,16.56,31.84
2024-11-03 10:10:56.335322,77.02,71.11,36.47,26.95,34.11,44.63
2024-11-04 10:10:56.335322,58.03,70.45,49.08,21.01,19.94,37.59
2024-11-05 10:10:56.335322,44.53,65.9,58.73,21.06,32.19,33.32
2024-11-06 10:10:56.335322,79.39,99.62,39.89,33.84,18.38,28.33
2024-11-07 10:10:56.335322,73.56,105.86,55.62,29.16,32.08,44.72
2024-11-08 10:10:56.335322,44.99,75.9,56.66,24.53,15.26,41.42
2024-11-09 10:10:56.335322,76.83,61.26,36.51,32.28,25.24,30.63
2024-11-10 10:10:56.335322,74.8,64.93,52.6,25.06,30.39,26.4
2024-11-11 10:10:56.335322,60.75,118.07,60.87,31.55,33.7,26.13
2024-11-12 10:10:56.335322,63.65,77.73,49.96,27.18,33.18,27.41
2024-11-13 10:10:56.335322,55.96,106.15,30.48,36.47,31.39,36.62
2024-11-14 10:10:56.335322,42.19,97.48,30.36,36.41,32.76,43.58
2024-11-15 10:10:56.335322,53.41,82.92,44.28,29.55,18.98,34.93
2024-11-16 10:10:56.335322,72.11,72.34,67.05,27.02,20.68,41.86
2024-11-17 10:10:56.335322,40.19,67.28,39.15,27.25,20.78,33.92
2024-11-18 10:10:56.335322,53.34,96.9,55.37,36.11,22.54,39.17
2024-11-19 10:10:56.335322,55.93,106.48,38.88,26.56,22.87,39.64
2024-11-20 10:10:56.335322,61.5,98.63,42.87,24.18,25.89,28.48
2024-11-21 10:10:56.335322,76.79,91.82,63.92,21.69,18.2,32.22
2024-11-22 10:10:56.335322,53.85,62.52,59.15,29.33,28.82,37.75
2024-11-23 10:10:56.335322,53.88,118.11,33.82,29.64,18.35,26.41
2024-11-24 10:10:56.335322,69.5,107.92,47.15,36.82,21.21,32.23
2024-11-25 10:10:56.335322,58.09,77.57,31.17,24.42,25.07,35.7
2024-11-26 10:10:56.335322,48.98,118.8,49.24,27.62,30.93,44.92
2024-11-27 10:10:56.335322,58.1,96.11,56.5,36.17,29.79,34.49
2024-11-28 10:10:56.335322,45.63,94.95,34.74,36.47,27.91,41.32
2024-11-29 10:10:56.335322,47.06,104.88,41.56,27.69,18.12,33.64
2024-11-30 10:10:56.335322,59.93,108.71,45.91,29.18,25.94,40.93
2024-12-01 10:10:56.335322,56.76,99.39,66.78,26.07,16.75,36.91
2024-12-02 10:10:56.335322,76.59,67.69,69.73,38.65,22.55,42.73
2024-12-03 10:10:56.335322,54.5,80.3,31.8,22.37,23.27,33.22
2024-12-04 10:10:56.335322,63.22,115.69,60.44,38.67,15.8,37.09
2024-12-05 10:10:56.335322,65.29,73.48,44.87,33.68,20.48,37.6
2024-12-06 10:10:56.335322,40.52,82.33,45.7,30.63,34.11,33.35
2024-12-07 10:10:56.335322,66.54,85.92,60.17,20.65,34.07,27.89
2024-12-08 10:10:56.335322,47.12,86.36,66.74,29.51,22.05,26.87
2024-12-09 10:10:56.335322,78.44,96.78,68.04,28.15,15.86,25.33
2024-12-10 10:10:56.335322,45.95,116.58,53.08,23.22,18.58,42.47
2024-12-11 10:10:56.335322,56.58,74.44,44.28,33.13,22.84,29.73
2024-12-12 10:10:56.335322,43.41,67.29,61.5,39.42,33.96,29.23
2024-12-13 10:10:56.335322,79.87,71.85,40.04,31.24,17.82,39.72
2024-12-14 10:10:56.335322,60.09,113.22,52.56,34.3,30.27,31.4
2024-12-15 10:10:56.335322,63.82,98.75,44.34,21.37,17.17,35.12
2024-12-16 10:10:56.335322,42.68,77.15,56.27,28.35,34.63,28.25
2024-12-17 10:10:56.335322,70.0,108.96,39.62,22.33,22.63,44.19
2024-12-18 10:10:56.335322,48.4,111.68,37.66,32.26,30.5,42.03
2024-12-19 10:10:56.335322,75.92,110.79,66.73,38.77,21.85,42.28
2024-12-20 10:10:56.335322,48.21,115.14,34.07,33.24,27.55,33.14
2024-12-21 10:10:56.335322,47.63,75.13,50.24,21.54,18.84,40.25
2024-12-22 10:10:56.335322,41.46,105.3,38.83,27.09,17.92,27.88
2024-12-23 10:10:56.335322,58.88,87.63,31.56,31.01,33.76,25.17
2024-12-24 10:10:56.335322,62.59,110.52,31.44,28.06,33.35,25.4
2024-12-25 10:10:56.335322,42.63,103.71,37.01,36.67,32.75,36.73
2024-12-26 10:10:56.335322,71.02,106.59,64.67,36.29,27.51,34.11
2024-12-27 10:10:56.335322,58.13,99.37,41.3,32.24,31.17,35.36
2024-12-28 10:10:56.335322,60.98,70.65,68.02,27.47,16.38,25.15
2024-12-29 10:10:56.335322,57.63,92.7,53.26,25.11,21.7,33.45
2024-12-30 10:10:56.335322,56.03,119.08,47.46,22.12,21.27,39.36
2024-12-31 10:10:56.335322,62.39,116.24,53.2,27.1,27.71,33.85
2025-01-01 10:10:56.335322,46.21,62.59,50.67,28.26,22.12,39.64
2025-01-02 10:10:56.335322,47.28,69.89,60.35,33.52,17.97,29.66
2025-01-03 10:10:56.335322,74.47,67.9,41.3,33.16,26.93,41.26
2025-01-04 10:10:56.335322,77.84,103.56,44.12,21.4,31.29,36.77
2025-01-05 10:10:56.335322,54.93,109.07,65.76,27.91,22.64,29.22
2025-01-06 10:10:56.335322,50.83,72.81,67.86,23.64,17.65,29.73
2025-01-07 10:10:56.335322,65.76,90.35,65.7,23.14,18.93,37.56
2025-01-08 10:10:56.335322,56.35,110.44,46.78,36.55,19.75,41.6
2025-01-09 10:10:56.335322,41.02,103.97,61.21,20.84,21.0,33.31
2025-01-10 10:10:56.335322,46.25,92.53,49.05,28.38,27.86,30.17
2025-01-11 10:10:56.335322,68.64,95.42,49.9,23.36,27.02,42.34
2025-01-12 10:10:56.335322,66.36,90.5,38.19,37.59,28.92,38.39
2025-01-13 10:10:56.335322,41.08,77.85,53.65,31.14,22.25,33.96
2025-01-14 10:10:56.335322,48.88,93.9,37.45,24.63,31.48,34.76
2025-01-15 10:10:56.335322,49.24,101.33,43.26,30.05,19.08,29.09
2025-01-16 10:10:56.335322,66.88,112.4,64.2,34.63,24.38,37.54
2025-01-17 10:10:56.335322,40.79,98.18,38.28,39.16,31.02,32.17
2025-01-18 10:10:56.335322,44.16,105.67,32.85,24.41,18.6,44.91
2025-01-19 10:10:56.335322,72.0,69.6,32.76,37.72,17.2,34.6
2025-01-20 10:10:56.335322,47.14,87.69,67.63,38.69,32.67,34.72
2025-01-21 10:10:56.335322,66.11,60.56,50.28,38.33,21.86,36.32
2025-01-22 10:10:56.335322,49.53,74.8,46.38,32.71,28.68,43.34
2025-01-23 10:10:56.335322,43.98,103.59,62.44,32.6,15.51,41.02
2025-01-24 10:10:56.335322,49.73,119.51,63.43,28.06,28.8,34.02
2025-01-25 10:10:56.335322,68.89,65.95,43.29,35.05,21.32,39.37
2025-01-26 10:10:56.335322,74.23,84.09,57.74,30.63,16.11,36.72
2025-01-27 10:10:56.335322,73.21,108.0,60.84,33.55,27.2,34.85
2025-01-28 10:10:56.335322,55.89,72.24,56.19,28.57,19.82,28.85
2025-01-29 10:10:56.335322,66.72,93.31,36.06,34.63,22.74,34.28
2025-01-30 10:10:56.335322,48.2,103.98,65.04,36.49,16.61,29.92
2025-01-31 10:10:56.335322,51.73,96.96,51.56,22.93,17.94,43.3
2025-02-01 10:10:56.335322,75.85,71.28,41.3,36.66,20.96,31.71
2025-02-02 10:10:56.335322,40.52,81.32,47.01,30.81,16.8,44.05
2025-02-03 10:10:56.335322,43.42,107.03,31.5,36.89,33.22,35.66
2025-02-04 10:10:56.335322,48.32,93.25,35.11,28.63,15.12,37.63
2025-02-05 10:10:56.335322,41.06,60.31,60.62,27.58,24.68,35.86
2025-02-06 10:10:56.335322,47.26,105.66,30.0,38.3,17.46,27.59
2025-02-07 10:10:56.335322,63.32,62.12,46.66,25.02,21.15,32.52
2025-02-08 10:10:56.335322,56.86,104.74,50.9,36.88,33.52,26.98
2025-02-09 10:10:56.335322,75.71,72.15,32.19,29.68,18.23,37.46
2025-02-10 10:10:56.335322,72.7,117.48,68.92,30.28,34.32,33.94
2025-02-11 10:10:56.335322,53.67,82.08,39.05,26.17,19.12,40.56
2025-02-12 10:10:56.335322,50.38,79.62,42.17,31.46,29.83,29.41
2025-02-13 10:10:56.335322,55.19,68.93,42.16,26.5,25.93,28.29
2025-02-14 10:10:56.335322,63.61,78.34,39.22,20.79,32.69,33.13
2025-02-15 10:10:56.335322,50.72,112.6,30.06,25.44,26.08,43.53
2025-02-16 10:10:56.335322,64.97,119.78,59.17,20.13,25.69,39.21
2025-02-17 10:10:56.335322,56.38,82.1,68.67,39.57,18.91,33.38
2025-02-18 10:10:56.335322,62.08,86.92,38.97,39.31,18.32,35.35
2025-02-19 10:10:56.335322,57.45,103.32,56.52,27.9,33.33,26.68
2025-02-20 10:10:56.335322,51.78,113.17,59.68,34.57,21.56,44.69
2025-02-21 10:10:56.335322,77.94,95.58,63.94,26.92,22.44,38.33
2025-02-22 10:10:56.335322,70.54,83.49,46.91,33.42,30.2,30.71
2025-02-23 10:10:56.335322,45.6,84.76,42.12,36.11,21.78,36.72
2025-02-24 10:10:56.335322,74.74,101.74,43.01,38.94,34.04,27.19
2025-02-25 10:10:56.335322,59.5,60.19,58.5,28.0,29.76,44.32
2025-02-26 10:10:56.335322,75.78,97.18,62.67,35.67,26.95,28.5
2025-02-27 10:10:56.335322,71.99,81.33,37.26,25.32,32.62,37.96
2025-02-28 10:10:56.335322,57.01,107.65,44.84,39.81,15.99,29.91
2025-03-01 10:10:56.335322,40.9,65.58,66.08,20.52,20.14,39.35
2025-03-02 10:10:56.335322,50.75,95.29,62.27,32.07,24.3,40.54
2025-03-03 10:10:56.335322,61.67,88.86,69.39,33.19,19.54,38.47
2025-03-04 10:10:56.335322,65.34,98.54,60.17,33.76,29.88,37.29
2025-03-05 10:10:56.335322,50.32,63.89,45.73,22.41,33.38,42.85
2025-03-06 10:10:56.335322,45.57,94.8,53.63,38.77,23.48,26.57
2025-03-07 10:10:56.335322,73.4,93.69,56.44,23.62,21.84,31.62
2025-03-08 10:10:56.335322,79.38,93.64,33.14,32.46,34.23,29.97
2025-03-09 10:10:56.335322,61.03,96.21,51.78,24.45,23.9,44.76
2025-03-10 10:10:56.335322,46.87,100.59,58.37,26.14,24.78,32.79
2025-03-11 10:10:56.335322,50.89,108.3,36.69,30.93,22.03,39.65
2025-03-12 10:10:56.335322,40.74,76.19,61.23,28.34,33.19,38.69
2025-03-13 10:10:56.335322,76.57,109.5,53.35,23.2,26.38,29.24
2025-03-14 10:10:56.335322,44.71,89.9,68.09,23.42,30.24,29.78
2025-03-15 10:10:56.335322,63.06,64.62,31.7,28.36,31.24,30.63
2025-03-16 10:10:56.335322,50.96,63.51,40.61,35.15,21.84,33.22
2025-03-17 10:10:56.335322,62.17,80.05,54.06,37.96,23.67,29.69
2025-03-18 10:10:56.335322,66.06,107.09,41.86,21.68,31.97,25.39
2025-03-19 10:10:56.335322,73.19,102.46,58.58,27.86,22.27,42.59
2025-03-20 10:10:56.335322,48.26,107.32,60.36,22.0,30.88,44.31
2025-03-21 10:10:56.335322,40.44,91.04,34.1,20.33,33.82,31.83
2025-03-22 10:10:56.335322,45.48,86.41,50.55,33.23,27.46,31.77
2025-03-23 10:10:56.335322,76.0,68.85,50.36,32.05,29.83,25.14
2025-03-24 10:10:56.335322,74.96,79.69,44.77,23.26,31.1,38.61
2025-03-25 10:10:56.335322,63.9,86.04,67.32,24.68,31.9,41.51
2025-03-26 10:10:56.335322,64.02,65.32,63.1,20.47,22.9,27.93
2025-03-27 10:10:56.335322,66.6,73.24,57.89,36.7,16.03,28.19
2025-03-28 10:10:56.335322,47.01,95.89,58.57,39.49,23.04,40.8
2025-03-29 10:10:56.335322,76.58,104.14,48.47,22.71,28.48,37.33
2025-03-30 10:10:56.335322,56.75,119.9,66.84,24.63,24.01,25.9
2025-03-31 10:10:56.335322,55.33,115.99,57.78,37.37,29.98,37.45
2025-04-01 10:10:56.335322,60.76,98.55,59.16,38.53,22.14,31.18
2025-04-02 10:10:56.335322,41.88,85.27,64.47,28.39,27.69,32.37
2025-04-03 10:10:56.335322,46.65,98.17,40.96,21.01,18.73,40.39
2025-04-04 10:10:56.335322,69.52,107.14,62.28,20.79,29.99,41.22
2025-04-05 10:10:56.335322,43.31,67.1,37.81,31.48,25.91,33.01
2025-04-06 10:10:56.335322,64.13,84.59,43.81,27.86,19.08,43.94
2025-04-07 10:10:56.335322,49.81,110.39,43.42,20.57,20.84,33.13
2025-04-08 10:10:56.335322,55.57,83.03,69.14,31.67,29.97,40.44
2025-04-09 10:10:56.335322,51.55,94.31,64.26,20.23,24.65,34.68
2025-04-10 10:10:56.335322,54.23,95.27,58.05,35.75,19.32,42.95
2025-04-11 10:10:56.335322,68.76,71.07,59.08,26.13,34.35,43.16
2025-04-12 10:10:56.335322,51.88,81.73,52.48,20.81,29.3,26.75
2025-04-13 10:10:56.335322,62.66,80.07,67.88,31.77,34.14,43.73
2025-04-14 10:10:56.335322,59.04,61.57,49.85,27.95,23.54,41.51
2025-04-15 10:10:56.335322,66.55,61.45,45.22,39.48,24.5,40.83
2025-04-16 10:10:56.335322,77.47,109.9,36.52,30.88,32.96,29.02
2025-04-17 10:10:56.335322,69.3,76.38,61.45,25.5,25.5,41.1
2025-04-18 10:10:56.335322,48.6,91.08,59.38,34.19,29.15,42.0
2025-04-19 10:10:56.335322,41.25,77.92,45.37,25.43,20.04,30.78
2025-04-20 10:10:56.335322,50.49,116.44,31.01,38.08,23.93,44.05
2025-04-21 10:10:56.335322,63.8,75.56,63.56,27.49,17.47,26.0
2025-04-22 10:10:56.335322,42.06,85.78,30.46,31.0,19.12,28.0
2025-04-23 10:10:56.335322,59.85,112.36,58.15,21.01,15.02,35.75
2025-04-24 10:10:56.335322,63.87,110.52,68.81,28.52,15.79,36.52
2025-04-25 10:10:56.335322,53.37,71.17,47.51,36.65,34.55,37.9
2025-04-26 10:10:56.335322,70.84,108.16,39.4,36.11,19.85,25.34
2025-04-27 10:10:56.335322,44.26,87.49,58.19,24.49,28.27,44.21
2025-04-28 10:10:56.335322,43.01,88.98,62.69,24.52,31.78,25.89
2025-04-29 10:10:56.335322,69.13,68.01,51.86,36.35,26.01,27.86
2025-04-30 10:10:56.335322,59.82,64.84,68.68,38.61,18.06,25.28
2025-05-01 10:10:56.335322,67.54,103.68,32.07,21.91,29.56,36.34
2025-05-02 10:10:56.335322,57.39,89.79,50.19,29.0,27.01,43.65
2025-05-03 10:10:56.335322,49.86,86.21,58.74,26.75,29.63,38.32
2025-05-04 10:10:56.335322,72.76,103.77,64.51,37.41,30.39,41.45
2025-05-05 10:10:56.335322,71.98,105.93,37.17,21.67,34.51,25.27
2025-05-06 10:10:56.335322,67.79,69.53,62.0,24.22,26.47,35.84
2025-05-07 10:10:56.335322,50.89,96.61,52.11,35.05,21.83,34.19
2025-05-08 10:10:56.335322,63.61,68.12,45.86,21.03,27.97,34.98
2025-05-09 10:10:56.335322,54.44,105.08,35.27,29.85,16.37,26.44
2025-05-10 10:10:56.335322,43.66,99.42,64.61,28.84,32.95,38.69
2025-05-11 10:10:56.335322,76.69,117.4,36.29,26.69,17.39,35.06
2025-05-12 10:10:56.335322,45.47,64.14,42.39,27.89,21.56,40.3
2025-05-13 10:10:56.335322,78.01,63.42,41.6,30.6,31.31,34.71
2025-05-14 10:10:56.335322,57.84,76.93,64.86,23.23,26.95,27.99
